backdoor_loss,epoch,step
20.62579345703125,0,49
16.634611129760742,0,99
