target_loss,encoder_loss,confounder_loss,epoch,step
0.04210676997900009,7.116311073303223,0.04210676997900009,8,49
